1,登录,p1,验证登录是否成功,1.。。2。。。3.。。,环境准备就绪,登录成功,登录成功,登录成功
2,注册,p1,登录成功,登录成功,登录成功,登录成功,登录成功,登录成功
3,登录,p2,11,登录成功,登录成功,登录成功,登录成功,登录成功
4,登录,p1,验证登录是否成功,1.。。2。。。3.。。,环境准备就绪,登录成功,登录成功,登录成功
5,注册,p1,登录成功,登录成功,登录成功,登录成功,登录成功,登录成功
6,登录,p2,11,登录成功,登录成功,登录成功,登录成功,登录成功
7,登录,p1,验证登录是否成功,1.。。2。。。3.。。,环境准备就绪,登录成功,登录成功,登录成功
8,注册,p1,登录成功,登录成功,登录成功,登录成功,登录成功,登录成功
9,登录,p2,11,登录成功,登录成功,登录成功,登录成功,登录成功
10,登录,p1,验证登录是否成功,1.。。2。。。3.。。,环境准备就绪,登录成功,登录成功,登录成功
11,注册,p1,登录成功,登录成功,登录成功,登录成功,登录成功,登录成功
12,登录,p2,11,登录成功,登录成功,登录成功,登录成功,登录成功
13,登录,p1,验证登录是否成功,1.。。2。。。3.。。,环境准备就绪,登录成功,登录成功,登录成功
14,注册,p1,登录成功,登录成功,登录成功,登录成功,登录成功,登录成功
15,登录,p2,11,登录成功,登录成功,登录成功,登录成功,登录成功
16,登录,p1,验证登录是否成功,1.。。2。。。3.。。,环境准备就绪,登录成功,登录成功,登录成功
17,注册,p1,登录成功,登录成功,登录成功,登录成功,登录成功,登录成功
18,登录,p2,11,登录成功,登录成功,登录成功,登录成功,登录成功
19,登录,p1,验证登录是否成功,1.。。2。。。3.。。,环境准备就绪,登录成功,登录成功,登录成功
20,注册,p1,登录成功,登录成功,登录成功,登录成功,登录成功,登录成功
21,登录,p2,11,登录成功,登录成功,登录成功,登录成功,登录成功
22,支付,p1,支付,支付,支付,支付,支付,支付
23,支付,p1,支付,支付,支付,支付,支付,支付
24,支付,p2,支付,支付,支付,支付,支付,支付
25,支付,p1,支付,支付,支付,支付,支付,支付
26,支付,p1,支付,支付,支付,支付,支付,支付
27,支付,p2,支付,支付,支付,支付,支付,支付
28,支付,p1,支付,支付,支付,支付,支付,支付
29,支付,p1,支付,支付,支付,支付,支付,支付
30,支付,p2,支付,支付,支付,支付,支付,支付
31,订单,p1,订单,订单,订单,订单,订单,订单
32,订单,p1,订单,订单,订单,订单,订单,订单
33,订单,p2,订单,订单,订单,订单,订单,订单
34,订单,p1,订单,订单,订单,订单,订单,订单
35,订单,p1,订单,订单,订单,订单,订单,订单
36,订单,p2,订单,订单,订单,订单,订单,订单
37,订单,p1,订单,订单,订单,订单,订单,订单
38,订单,p1,订单,订单,订单,订单,订单,订单
39,订单,p2,订单,订单,订单,订单,订单,订单
